Country Name,Country Code,Series Name,Series Code,1992 [YR1992],1993 [YR1993],1994 [YR1994],1995 [YR1995],1996 [YR1996],1997 [YR1997],1998 [YR1998],1999 [YR1999],2000 [YR2000],2001 [YR2001],2002 [YR2002],2003 [YR2003],2004 [YR2004],2005 [YR2005],2006 [YR2006],2007 [YR2007],2008 [YR2008],2009 [YR2009],2010 [YR2010],2011 [YR2011],2012 [YR2012],2013 [YR2013],2014 [YR2014],2015 [YR2015],2016 [YR2016]
Afghanistan,AFG,Access to electricity (% of population),EG.ELC.ACCS.ZS,0.01,0.01,0.01,0.01,0.01,0.01,0.021977138,0.179634586,0.959755898,0.776536942,6.267393589,11.75196648,17.23631859,23,28.2286129,33.74868011,42.4,44.8548851,42.7,43.22201891,69.1,67.259552,89.5,71.5,84.13713837
Afghanistan,AFG,Age dependency ratio (% of working-age population),SP.POP.DPND,100.8702317,100.9023177,100.8872706,100.5101185,101.2949461,102.0432616,102.595062,102.9758786,103.3263601,102.9277729,102.1539589,101.2004851,100.1590303,99.01183094,99.63202905,100.2310231,100.6564961,100.7408126,100.4064115,98.73075897,96.52858984,94.00173412,91.37620486,88.76872734,86.57093215
Afghanistan,AFG,"Air transport, registered carrier departures worldwide",IS.AIR.DPRT,5300,5100,7000,7300,7500,4600,1900,3400,3409,..,..,..,..,..,..,..,..,..,21677,25021,17775,21696,25920,23532,22770
Afghanistan,AFG,"Borrowers from commercial banks (per 1,000 adults)",FB.CBK.BRWR.P3,..,..,..,..,..,..,..,..,..,..,..,..,..,..,..,..,3.379768011,3.983519158,3.802325876,3.665977885,4.137502633,3.769126739,3.025034972,2.95869751,3.051953836
Afghanistan,AFG,"Agriculture, value added (annual % growth)",NV.AGR.TOTL.KD.ZG,..,..,..,..,..,..,..,..,..,..,..,2.799223324,-22.23749721,17.69955624,-5.108280046,14.69476334,-14.91671756,44.56544733,-6.373804926,-7.590864679,18.22478942,0.005170803,-0.10045725,-5.657360765,5.971750689
Afghanistan,AFG,Consumer price index (2010 = 100),FP.CPI.TOTL,..,..,..,..,..,..,..,..,..,..,..,..,63.13189273,71.14097429,76.30217768,82.77480692,108.0666,99.11535881,100,110.2016601,118.1563,127.2003573,133.0570866,132.1176556,137.9045637
Afghanistan,AFG,"Employers, total (% of total employment) (modeled ILO estimate)",SL.EMP.MPYR.ZS,1.585999966,1.264000058,0.925999999,0.888999999,1.049000025,0.950999975,0.861000001,0.779999971,0.700999975,0.620999992,0.660000026,0.882000029,0.853999972,0.851000011,0.893999994,0.938000023,0.977999985,1.087000012,1.205000043,1.235999942,1.284000039,1.317000031,1.302000046,1.264000058,1.243999958
Afghanistan,AFG,Employment in industry (% of total employment) (modeled ILO estimate),SL.IND.EMPL.ZS,5.130000114,4.823999882,4.423999786,4.061999798,4.421000004,4.626999855,4.909999847,5.31400013,5.881999969,6.460999966,5.787000179,5.857999802,6.602000237,6.566999912,6.714000225,7.09100008,6.962999821,6.105000019,6.110000134,6.374000072,6.297999859,6.355000019,6.493000031,6.723999977,6.741000175
Afghanistan,AFG,Exports of goods and services (annual % growth),NE.EXP.GNFS.KD.ZG,..,..,..,..,..,..,..,..,..,..,..,53.91522379,-29.50515451,-17.45464862,17.48786171,-1.701081061,2.277989159,-21.62163171,-37.74274127,-26.6781611,6.274164381,19.44685337,-8.649469162,2.42221419,-0.328469174
Afghanistan,AFG,"Foreign direct investment, net inflows (% of GDP)",BX.KLT.DINV.WD.GD.ZS,..,..,..,..,..,..,..,..,..,0.027623569,1.210999541,1.261005368,3.536112258,4.318674465,3.372251952,1.91683279,0.395985689,0.449327303,1.197068573,0.290980058,0.276695356,0.238406734,0.208454817,0.880258441,0.480709518
Afghanistan,AFG,GDP growth (annual %),NY.GDP.MKTP.KD.ZG,..,..,..,..,..,..,..,..,..,..,..,8.444163227,1.055555787,11.17527024,5.554137623,13.74020499,3.611368392,21.02064874,8.433290482,6.113685169,14.43474129,3.900574875,2.690521948,1.310040404,2.366711916
Afghanistan,AFG,"Industry, value added (annual % growth)",NV.IND.TOTL.KD.ZG,..,..,..,..,..,..,..,..,..,..,..,10.27572168,17.4695792,12.99171041,13.66754216,7.633123477,5.741820364,6.107145558,6.270599208,9.807610786,7.750389077,3.738308551,2.766861037,4.170862439,-0.803844957
Afghanistan,AFG,"Labor force participation rate, total (% of total population ages 15+) (modeled ILO estimate)",SL.TLF.CACT.ZS,51.68000031,51.7859993,51.8429985,51.88399887,51.80699921,51.7140007,51.64599991,51.6230011,51.64199829,51.92100143,52.24900055,52.56700134,52.82699966,53.01300049,52.67100143,52.31100082,51.98500061,51.75500107,51.65399933,51.94900131,52.36100006,52.85599899,53.38299942,53.9070015,54.23400116
Afghanistan,AFG,"Life expectancy at birth, female (years)",SP.DYN.LE00.FE.IN,52.393,53.051,53.643,54.179,54.676,55.156,55.642,56.145,56.678,57.249,57.849,58.468,59.1,59.73,60.346,60.933,61.486,61.999,62.476,62.924,63.354,63.778,64.197,64.613,65.024
Afghanistan,AFG,"Life expectancy at birth, male (years)",SP.DYN.LE00.MA.IN,50.323,50.941,51.497,51.999,52.465,52.918,53.379,53.861,54.376,54.929,55.515,56.121,56.74,57.359,57.964,58.543,59.086,59.589,60.054,60.484,60.892,61.286,61.67,62.046,62.412
Afghanistan,AFG,Market capitalization of listed companies (% of GDP),CM.MKT.LCAP.GD.ZS,..,..,..,..,..,..,..,..,..,..,..,..,..,..,..,..,..,..,..,..,..,..,..,..,..
Afghanistan,AFG,Population ages 15-64 (% of total),SP.POP.1564.TO.ZS,49.7833846,49.77543374,49.77916206,49.87279483,49.67834611,49.49435047,49.3595446,49.26693787,49.18201455,49.278617,49.46724791,49.70166944,49.96027402,50.24826892,50.0921623,49.94231085,49.83641295,49.81548033,49.89860316,50.31933684,50.88318198,51.54593099,52.25310016,52.97487641,53.5989175
Afghanistan,AFG,"Literacy rate, adult total (% of people ages 15 and above)",SE.ADT.LITR.ZS,..,..,..,..,..,..,..,..,..,..,..,..,..,..,..,..,..,..,..,31.74111938,..,..,..,..,..
Afghanistan,AFG,Researchers in R&D (per million people),SP.POP.SCIE.RD.P6,..,..,..,..,..,..,..,..,..,..,..,..,..,..,..,..,..,..,..,..,..,..,..,..,..
Afghanistan,AFG,Rural population (% of total population),SP.RUR.TOTL.ZS,78.645,78.556,78.466,78.376,78.286,78.195,78.105,78.014,77.922,77.831,77.739,77.647,77.5,77.297,77.093,76.887,76.68,76.472,76.263,76.052,75.84,75.627,75.413,75.197,74.98
Bangladesh,BGD,Access to electricity (% of population),EG.ELC.ACCS.ZS,13.44425011,15.89087391,17.8,20.76270866,23.18179893,22.4,27.97103691,30.33506584,32,34.998806,37.30912399,39.61315918,40.6,44.23,50.52510246,46.5,51.24977493,53.63285446,55.26,59.6,60.87821579,61.5,62.4,68.2046814,75.92
Bangladesh,BGD,Age dependency ratio (% of working-age population),SP.POP.DPND,80.96718817,79.49188773,77.93528373,76.35107223,74.97567655,73.55850523,72.11546914,70.65180204,69.17964641,68.03508546,66.83511761,65.60706845,64.37285129,63.13470106,62.23812084,61.28605366,60.29092485,59.27227098,58.23679263,57.07321231,55.97100881,54.88728585,53.76234991,52.57851108,51.46542347
Bangladesh,BGD,"Air transport, registered carrier departures worldwide",IS.AIR.DPRT,14600,15600,13000,12600,13100,12800,11900,5900,6313,6486,6464,7165,7403,7399,7971,11139,11308,16399,19299.82618,26535,26996.25441,59064,65364,55864,59728
Bangladesh,BGD,"Borrowers from commercial banks (per 1,000 adults)",FB.CBK.BRWR.P3,..,..,..,..,..,..,..,..,..,..,..,..,85.00395074,87.42635676,88.49284955,84.61567014,84.72972915,84.09768367,85.18885275,86.68688086,85.10012351,78.98313275,74.28651539,74.36963777,73.02801498
Bangladesh,BGD,"Agriculture, value added (annual % growth)",NV.AGR.TOTL.KD.ZG,2.323351112,2.389076743,0.737008387,-0.372499002,2.96758128,4.518572148,3.935409139,3.881541662,7.390266092,2.757926822,-0.118901138,3.983851121,4.973513597,4.38245498,5.55271778,6.692496278,4.493867876,3.466088467,6.151947125,4.456368993,3.014271411,2.464887535,4.371955206,3.32837835,2.78626575
Bangladesh,BGD,Consumer price index (2010 = 100),FP.CPI.TOTL,35.54588781,36.61753185,38.56329232,42.53446758,43.54556676,45.85592081,49.70884439,52.74441235,53.90914412,54.9911943,56.82381156,60.04498736,64.60092262,69.15310297,73.83149099,80.55531378,87.72630342,92.48411524,100,111.3329152,118.2557989,127.1604284,136.0504242,144.4777687,152.3242664
Bangladesh,BGD,"Employers, total (% of total employment) (modeled ILO estimate)",SL.EMP.MPYR.ZS,0.508000016,0.514999986,0.531000018,0.523000002,0.528999984,0.532000005,0.536000013,0.191,0.192000002,0.194000006,0.185000002,0.187000006,0.185000002,0.191,0.197999999,0.204999998,0.209999993,0.225999996,0.231999993,2.407999992,2.460999966,2.559000015,2.635999918,2.694000006,2.801000118
Bangladesh,BGD,Employment in industry (% of total employment) (modeled ILO estimate),SL.IND.EMPL.ZS,12.48999977,11.99800014,11.27799988,10.44900036,9.781000137,9.963999748,10.35999966,10.47999954,10.69900036,11.63300037,12.71199989,13.68099976,14.03499985,14.51799965,14.52000046,15.05500031,15.76000023,16.70700073,17.62700081,17.73600006,18.78800011,20.78899956,20.16600037,20.45999908,20.83799934
Bangladesh,BGD,Exports of goods and services (annual % growth),NE.EXP.GNFS.KD.ZG,21.84559187,16.39291609,3.678369083,30.72410679,8.075394547,14.31777892,12.26754874,2.250689242,14.39815672,14.90388965,-0.164097464,-1.696385582,85.61331211,43.00126706,25.47630978,12.97560308,7.080609288,0.028504479,0.941532182,29.33912475,12.53225869,2.451884337,3.201149273,-2.829990167,2.196749643
Bangladesh,BGD,"Foreign direct investment, net inflows (% of GDP)",BX.KLT.DINV.WD.GD.ZS,0.011737576,0.042361655,0.033012231,0.004998378,0.029134955,0.288896568,0.380236167,0.350421247,0.525362089,0.145443905,0.095579368,0.445960783,0.689472336,1.095149819,0.635657188,0.817754424,1.449748396,0.879494542,1.068934861,0.983166534,1.18810285,1.73541854,1.468712877,1.451287742,1.050952188
Bangladesh,BGD,GDP growth (annual %),NY.GDP.MKTP.KD.ZG,5.442685551,4.711561724,3.890126441,5.121277897,4.522919218,4.489896497,5.177026873,4.670156368,5.293294718,5.077287776,3.83312394,4.739567399,5.23953291,6.535944941,6.671868265,7.058636206,6.013789759,5.045124794,5.571802274,6.46438388,6.521435078,6.013596067,6.061093054,6.552633316,7.113465228
Bangladesh,BGD,"Industry, value added (annual % growth)",NV.IND.TOTL.KD.ZG,6.989203263,8.094186604,8.129669182,10.13436684,6.736726694,5.225481967,8.726901365,5.241305046,6.255771363,7.461679691,5.803009825,6.581699727,7.049271768,7.932370962,9.797899954,9.027828231,7.033534043,6.913173254,7.032201959,9.019130178,9.435598764,9.639358906,8.160014237,9.666904855,11.09377537
Bangladesh,BGD,"Labor force participation rate, total (% of total population ages 15+) (modeled ILO estimate)",SL.TLF.CACT.ZS,56.45399857,56.50099945,56.59500122,56.73899841,56.83100128,56.97900009,57.1570015,57.33000183,57.47499847,57.53699875,57.58599854,57.61500168,57.62200165,57.61299896,57.48300171,57.35499954,57.22800064,57.10499954,56.98699951,56.88399887,56.79000092,56.70199966,56.61700058,56.52999878,56.43500137
Bangladesh,BGD,"Life expectancy at birth, female (years)",SP.DYN.LE00.FE.IN,60.092,60.773,61.467,62.172,62.883,63.596,64.303,65,65.677,66.326,66.947,67.54,68.109,68.664,69.218,69.781,70.355,70.939,71.521,72.085,72.617,73.104,73.545,73.939,74.294
Bangladesh,BGD,"Life expectancy at birth, male (years)",SP.DYN.LE00.MA.IN,59.341,60.059,60.813,61.587,62.355,63.094,63.786,64.419,64.99,65.503,65.976,66.422,66.847,67.253,67.641,68.01,68.361,68.698,69.024,69.343,69.657,69.968,70.278,70.586,70.891
Bangladesh,BGD,Market capitalization of listed companies (% of GDP),CM.MKT.LCAP.GD.ZS,..,1.399302695,3.020255981,5.077049961,15.89524323,5.742252402,4.060333874,3.045782412,4.107529953,1.811958934,27.21299215,..,..,4.751541126,5.361123816,10.96916578,12.79156007,20.42289329,36.10097419,37.08045269,..,..,..,..,31.80424672
Bangladesh,BGD,Population ages 15-64 (% of total),SP.POP.1564.TO.ZS,55.25863612,55.71282427,56.20020825,56.70507059,57.1508006,57.61745866,58.10053013,58.59885381,59.10876522,59.51138105,59.93941889,60.38389601,60.83729717,61.29903653,61.63779479,62.00164102,62.38656374,62.785568,63.19642754,63.66457942,64.1144792,64.56307853,65.03542646,65.54002873,66.02166865
Bangladesh,BGD,"Literacy rate, adult total (% of people ages 15 and above)",SE.ADT.LITR.ZS,..,..,..,..,..,..,..,..,..,47.48550034,..,..,..,..,..,46.66360092,..,..,..,47.07730865,..,..,..,..,72.7587204
Bangladesh,BGD,Researchers in R&D (per million people),SP.POP.SCIE.RD.P6,..,..,..,..,..,..,..,..,..,..,..,..,..,..,..,..,..,..,..,..,..,..,..,..,..
Bangladesh,BGD,Rural population (% of total population),SP.RUR.TOTL.ZS,79.39,79.034,78.672,78.307,77.936,77.562,77.182,76.798,76.41,75.904,75.244,74.571,73.886,73.191,72.483,71.763,71.032,70.291,69.538,68.775,68.007,67.238,66.465,65.692,64.917
Bhutan,BTN,Access to electricity (% of population),EG.ELC.ACCS.ZS,1.834139943,3.678616524,8.184187889,12.68058109,17.16473961,21.63360023,26.08410835,30.51320076,34.91934204,39.3070755,43.68245697,41.1,52.42043686,59.80811164,61.1817894,71.8,70.01350403,74.46164703,73.28291087,83.40899658,91.5,92.40441895,96.91264343,98.42352295,100
Bhutan,BTN,Age dependency ratio (% of working-age population),SP.POP.DPND,89.36775876,89.78681875,90.23631154,90.98165767,89.35726423,87.71909271,85.98352698,83.91290293,81.41425774,77.62941852,73.69506498,69.86006517,66.34028104,63.19769956,60.82394316,58.68489075,56.7570227,54.95987507,53.24565098,51.97056264,50.65426432,49.37872856,48.23820506,47.26964628,46.46301454
Bhutan,BTN,"Air transport, registered carrier departures worldwide",IS.AIR.DPRT,600,600,600,900,900,1000,1000,1100,1138,1297,1948,1890,2306,2467,2566,2720,2772,2706,3053.399927,4146.031775,3553,5820,8772,4640,6065
Bhutan,BTN,"Borrowers from commercial banks (per 1,000 adults)",FB.CBK.BRWR.P3,..,..,..,..,..,..,..,..,..,..,..,..,..,..,..,..,..,..,..,..,..,..,..,..,..
Bhutan,BTN,"Agriculture, value added (annual % growth)",NV.AGR.TOTL.KD.ZG,0.58448509,-0.165454104,0.283011854,1.512544846,2.048193832,4.019575644,2.438684264,1.572001087,5.383797802,5.30472114,2.828344896,2.208707986,2.145711962,1.065036517,2.527645803,0.81264492,0.708306139,2.658542602,0.852422076,2.413496085,2.24594768,2.404692082,2.362542955,5.078332634,3.64747306
Bhutan,BTN,Consumer price index (2010 = 100),FP.CPI.TOTL,43.48985207,48.36348522,51.74573336,56.65931432,61.63947496,65.65423014,72.59849158,77.5187305,80.62800192,83.37774303,85.44837132,86.78662305,71.07075448,74.84568688,78.58831131,82.64041218,89.52201194,93.42617627,100,108.8489857,120.7349215,129.194415,139.8801638,146.242115,152.545397
Bhutan,BTN,"Employers, total (% of total employment) (modeled ILO estimate)",SL.EMP.MPYR.ZS,0.032000002,0.033,0.041999999,0.147,0.147,0.150999993,0.137999997,0.149000004,0.157000005,0.171000004,0.187999994,0.194000006,0.185000002,0.175999999,0.191,0.279000014,0.273000002,0.272000015,0.135000005,0.229000002,0.082999997,0.088,0.086999997,0.090999998,0.086000003
Bhutan,BTN,Employment in industry (% of total employment) (modeled ILO estimate),SL.IND.EMPL.ZS,1.878000021,1.881000042,1.99000001,2.071000099,2.075000048,1.921000004,1.965999961,2.095999956,2.257999897,2.617000103,2.710999966,2.720999956,3.713999987,4.824999809,7.546999931,6.119999886,6.143000126,6.427999973,6.629000187,9.206000328,8.647000313,10.95800018,10.82199955,9.661000252,9.579000473
Bhutan,BTN,Exports of goods and services (annual % growth),NE.EXP.GNFS.KD.ZG,..,..,..,..,..,..,..,..,..,-1.443754199,2.917203743,16.26215424,27.71864166,34.34982564,51.66732208,15.77045663,-9.845210952,-2.387699816,7.524271845,3.201313359,-2.401073772,3.871033464,-5.753101554,-3.533601078,-1.752044969
Bhutan,BTN,"Foreign direct investment, net inflows (% of GDP)",BX.KLT.DINV.WD.GD.ZS,3.98733E-06,4.25099E-06,3.69274E-06,0.016498739,0.442448705,-0.191275383,..,0.250640813,..,..,0.451617409,0.541827181,1.260870109,0.758470922,0.682019287,6.174757611,0.249854583,1.446893743,4.747733399,1.710882562,1.336885401,1.136253565,1.488686164,0.522926601,0.364986744
Bhutan,BTN,GDP growth (annual %),NY.GDP.MKTP.KD.ZG,4.600891432,1.98636659,4.95150367,7.074117278,5.565172862,5.373838519,5.914030835,7.983972022,6.93302424,8.203773861,10.72784061,7.664334042,5.896408192,7.12255965,6.849365932,17.92582494,4.768354226,6.657223796,11.73085436,7.890913893,5.071709815,2.142496554,5.745455168,6.597448486,7.990705411
Bhutan,BTN,"Industry, value added (annual % growth)",NV.IND.TOTL.KD.ZG,15.03271854,1.322179303,7.036072018,15.96105745,3.583545192,-0.842265808,4.691576272,15.07647558,7.256609992,12.76485288,16.7617859,9.611224524,2.034232892,3.775591073,8.835822761,40.68309559,6.287573111,3.456833977,12.48112565,4.058632424,6.767855151,3.90191516,3.712273902,8.215807747,6.786741017
Bhutan,BTN,"Labor force participation rate, total (% of total population ages 15+) (modeled ILO estimate)",SL.TLF.CACT.ZS,63.80199814,63.54199982,63.25899887,62.95899963,63.2179985,63.54399872,63.95100021,64.48300171,65.15899658,66.36199951,67.6269989,68.84200287,69.89900208,70.73300171,71.18199921,71.47899628,71.63999939,71.70400238,69.8259964,67.97499847,65.55999756,66.09799957,64.38500214,66.60600281,66.52999878
Bhutan,BTN,"Life expectancy at birth, female (years)",SP.DYN.LE00.FE.IN,54.664,55.4,56.134,56.877,57.639,58.427,59.243,60.082,60.94,61.806,62.668,63.509,64.316,65.073,65.766,66.394,66.96,67.468,67.93,68.36,68.776,69.19,69.608,70.033,70.459
Bhutan,BTN,"Life expectancy at birth, male (years)",SP.DYN.LE00.MA.IN,54.121,54.89,55.656,56.429,57.216,58.025,58.856,59.705,60.566,61.432,62.289,63.123,63.923,64.676,65.374,66.016,66.604,67.139,67.626,68.069,68.481,68.868,69.237,69.592,69.933
Bhutan,BTN,Market capitalization of listed companies (% of GDP),CM.MKT.LCAP.GD.ZS,..,..,..,..,..,..,..,..,..,..,..,..,..,..,..,..,..,..,..,..,..,..,..,..,..
Bhutan,BTN,Population ages 15-64 (% of total),SP.POP.1564.TO.ZS,52.80729975,52.69069826,52.5662,52.36104934,52.81022643,53.27108637,53.76820282,54.37356401,55.12245909,56.296981,57.57215958,58.87198966,60.11772938,61.27537353,62.17979614,63.01797199,63.79299522,64.53283468,65.25470665,65.80221739,66.37714535,66.9439357,67.45899275,67.90265511,68.27662281
Bhutan,BTN,"Literacy rate, adult total (% of people ages 15 and above)",SE.ADT.LITR.ZS,..,..,..,..,..,..,..,..,..,..,..,..,..,52.81468964,..,..,..,..,..,..,57.03359985,..,..,..,..
Bhutan,BTN,Researchers in R&D (per million people),SP.POP.SCIE.RD.P6,..,..,..,..,..,..,..,..,..,..,..,..,..,..,..,..,..,..,..,..,..,..,..,..,..
Bhutan,BTN,Rural population (% of total population),SP.RUR.TOTL.ZS,82.038,81.209,80.351,79.463,78.544,77.599,76.623,75.617,74.582,73.52,72.43,71.312,70.165,69.035,68.288,67.531,66.764,65.99,65.207,64.415,63.629,62.851,62.082,61.322,60.572
Maldives,MDV,Access to electricity (% of population),EG.ELC.ACCS.ZS,75.64207458,76.91572571,78.18326569,79.44161987,80.68774414,81.91857147,83.13104248,84.32209778,83.8,86.63990021,87.7772522,88.90831757,90.03916168,91.17584991,92.32444,93.49100494,94.68008423,99.9,97.11832428,98.25430298,99.1618042,99.71151733,100,99.99401093,100
Maldives,MDV,Age dependency ratio (% of working-age population),SP.POP.DPND,101.4585466,101.0572841,99.96860813,98.0667441,95.11767538,91.69253757,87.89723116,83.92243314,79.92710098,74.24828348,68.94594253,64.09330561,59.72698177,55.86657998,52.5565031,49.51994519,46.84898626,44.58864748,42.74285132,41.20771365,40.00775801,39.13096755,38.47565422,37.9556725,37.99916121
Maldives,MDV,"Air transport, registered carrier departures worldwide",IS.AIR.DPRT,800,800,2600,4000,4100,3300,6000,4400,5970,3286,3417,3520,4224,4520,5108,5006,5006,4971,..,..,..,..,26849,31472,33006
Maldives,MDV,"Borrowers from commercial banks (per 1,000 adults)",FB.CBK.BRWR.P3,..,..,..,..,..,..,..,..,..,..,..,..,71.5652123,141.5799949,156.4865886,162.8923611,157.8487874,116.1120398,105.1746228,137.9644841,136.9677244,111.0080545,128.6741222,132.383635,153.1657748
Maldives,MDV,"Agriculture, value added (annual % growth)",NV.AGR.TOTL.KD.ZG,..,..,..,..,1.932589385,1.277520447,7.261978323,3.492239187,-0.830901467,9.837114754,18.09259093,1.358558557,0.309028118,11.41939756,2.008948403,-18.41490169,-5.718453726,-2.357557488,-3.539436803,0.072545386,-0.186223775,6.880641485,-0.305173393,-0.47375697,1.427819933
Maldives,MDV,Consumer price index (2010 = 100),FP.CPI.TOTL,..,..,..,..,..,..,..,..,..,..,..,..,..,73.31235089,75.31995194,80.4377721,90.12365293,94.20641356,100,111.2734146,123.3851871,128.0807708,130.7960854,132.0428424,132.7063701
Maldives,MDV,"Employers, total (% of total employment) (modeled ILO estimate)",SL.EMP.MPYR.ZS,3.328999996,3.351999998,3.34800005,5.032999992,3.502000093,3.734999895,4.053999901,4.287000179,4.184999943,3.681999922,3.743000031,3.677000046,4.175000191,4.815999985,4.025000095,2.688999891,3.595999956,3.066999912,3.127000093,3.775000095,3.977999926,3.661999941,4.117000103,4.979000092,5.249000072
Maldives,MDV,Employment in industry (% of total employment) (modeled ILO estimate),SL.IND.EMPL.ZS,24.62800026,24.85300064,24.72699928,24.79999924,22.97299957,23.17000008,23.23699951,23.0739994,22.92900085,24.04700089,24.15600014,23.99600029,24.625,26.07999992,25.36599922,20.46999931,19.95100021,17.63599968,16.11700058,18.43600082,20.34499931,20.8029995,23.00699997,24.82799911,24.84799957
Maldives,MDV,Exports of goods and services (annual % growth),NE.EXP.GNFS.KD.ZG,..,..,..,..,..,..,..,..,..,..,..,..,..,..,..,..,..,..,..,..,..,..,..,..,..
Maldives,MDV,"Foreign direct investment, net inflows (% of GDP)",BX.KLT.DINV.WD.GD.ZS,2.316981633,2.140685595,2.456659133,1.812258378,2.068298726,2.244855089,2.132576087,2.091211587,3.573781889,2.360552923,2.755600741,3.020036091,4.314674454,4.554996736,4.051980515,7.088056791,7.979034445,6.735340125,8.363764331,15.26593239,7.898939479,10.95038209,9.016594968,7.437256304,10.81373925
Maldives,MDV,GDP growth (annual %),NY.GDP.MKTP.KD.ZG,..,..,..,..,7.858646927,8.39794083,7.494683025,6.175655828,3.845810392,-3.943634354,7.268386313,13.75004982,6.033754049,-13.12905343,26.1114935,7.713867271,9.485332661,-7.228841465,7.265129068,8.566733531,2.517383942,7.281073979,7.329606386,2.245924401,6.163158257
Maldives,MDV,"Industry, value added (annual % growth)",NV.IND.TOTL.KD.ZG,..,..,..,..,-0.710945601,23.19074639,20.86492106,12.85806139,-3.757928742,11.40857055,5.321038477,15.8872174,23.95539524,14.2665055,12.49669901,14.14582953,10.11361282,-25.22303562,7.3111171,15.25106189,4.084361665,-5.978972038,16.16152033,16.47204946,15.09149443
Maldives,MDV,"Labor force participation rate, total (% of total population ages 15+) (modeled ILO estimate)",SL.TLF.CACT.ZS,49.95500183,50.26499939,50.57099915,50.86000061,51.49499893,52.11700058,52.75699997,53.47200012,54.29499817,55.92699814,57.74599838,59.71300125,61.77099991,63.86399841,65.70999908,65.64800262,65.70200348,65.85199738,66.06700134,66.25099945,66.4960022,66.77100372,67.03199768,66.18900299,65.31300354
Maldives,MDV,"Life expectancy at birth, female (years)",SP.DYN.LE00.FE.IN,62.975,63.938,64.866,65.786,66.737,67.746,68.823,69.954,71.108,72.243,73.309,74.265,75.087,75.754,76.26,76.631,76.898,77.088,77.232,77.364,77.51,77.688,77.911,78.18,78.484
Maldives,MDV,"Life expectancy at birth, male (years)",SP.DYN.LE00.MA.IN,63.132,63.832,64.551,65.291,66.051,66.825,67.606,68.39,69.178,69.976,70.78,71.577,72.351,73.069,73.696,74.214,74.619,74.918,75.133,75.299,75.455,75.634,75.851,76.111,76.405
Maldives,MDV,Market capitalization of listed companies (% of GDP),CM.MKT.LCAP.GD.ZS,..,..,..,..,..,..,..,..,..,..,..,..,..,..,..,..,..,..,..,..,..,..,..,..,..
Maldives,MDV,Population ages 15-64 (% of total),SP.POP.1564.TO.ZS,49.6380033,49.73706895,50.0078492,50.48803142,51.2511231,52.16687163,53.22058201,54.37074656,55.57806437,57.38937452,59.19053071,60.94093822,62.60683004,64.15743517,65.54948361,66.88070938,68.0971674,69.1617231,70.05604769,70.81766103,71.42461348,71.87472477,72.21486012,72.48705196,72.46420857
Maldives,MDV,"Literacy rate, adult total (% of people ages 15 and above)",SE.ADT.LITR.ZS,..,..,..,96.32649994,..,..,..,..,..,..,..,..,..,..,98.39790344,..,..,..,..,..,..,..,98.61012268,..,..
Maldives,MDV,Researchers in R&D (per million people),SP.POP.SCIE.RD.P6,..,..,..,..,..,..,..,..,..,..,..,..,..,..,..,..,..,..,..,..,..,..,..,..,..
Maldives,MDV,Rural population (% of total population),SP.RUR.TOTL.ZS,74.287,74.351,74.414,74.362,73.992,73.621,73.245,72.866,72.294,71.141,69.958,68.748,67.51,66.25,65.206,64.8,64.39,63.979,63.566,63.151,62.733,62.315,61.894,61.471,61.046
Nepal,NPL,Access to electricity (% of population),EG.ELC.ACCS.ZS,0.458564401,1.726277947,3.5338521,7.575012684,17.9,15.6175642,19.61283875,23.58669853,27.53760529,24.6,35.39025497,39.30412292,37.2,47.13725662,51.2,55.018013,58.98989487,62.98280716,66.9937439,76.3,75.05766296,79.10464478,84.9,87.21362305,90.7
Nepal,NPL,Age dependency ratio (% of working-age population),SP.POP.DPND,84.57058375,84.01257697,83.3044401,82.48540041,82.37358153,82.18921595,81.92971554,81.55517086,81.02078998,80.58342542,80.11102268,79.59806166,79.05048824,78.44113509,77.11742455,75.89805489,74.73925261,73.5270938,72.17669216,69.98470227,67.64952605,65.3189936,63.19489475,61.37122975,59.54008298
Nepal,NPL,"Air transport, registered carrier departures worldwide",IS.AIR.DPRT,22300,21800,25900,27200,28400,28400,28600,12000,12130,12306,4324,4912,5846,6255,6920,6918,6952,6804,45990,44126,34745,30612,19560,19395,24063
Nepal,NPL,"Borrowers from commercial banks (per 1,000 adults)",FB.CBK.BRWR.P3,..,..,..,..,..,..,..,..,..,..,..,..,..,..,..,..,..,..,..,..,..,..,..,..,..
Nepal,NPL,"Agriculture, value added (annual % growth)",NV.AGR.TOTL.KD.ZG,-1.064429698,-0.619878843,7.603240591,-0.3331446,4.418892337,4.129453533,1.039072813,2.720053541,4.970231973,4.299999975,3.082409639,3.328097144,4.809937199,3.497876063,1.781870965,0.973144278,5.824260265,3.019549087,2.011773816,4.510575767,4.629702915,1.095531992,4.546303539,1.101393843,0.028319432
Nepal,NPL,Consumer price index (2010 = 100),FP.CPI.TOTL,31.96011897,34.35885188,37.22757094,40.06541732,43.75963575,45.51439216,50.63224333,54.40490879,55.75350866,57.25233232,58.98673418,62.3531126,64.12507041,68.50887354,73.24991764,74.91211887,82.3342843,91.46912802,100,109.2270755,119.5597491,130.3681454,141.2723387,152.3889305,165.7844406
Nepal,NPL,"Employers, total (% of total employment) (modeled ILO estimate)",SL.EMP.MPYR.ZS,3.602999926,3.599999905,3.825999975,3.734999895,3.786000013,3.826999903,3.799999952,3.76699996,3.790999889,3.802999973,1.019999981,1.013000011,0.996999979,1.011000037,1.021999955,1.026000023,1.039999962,1.116000056,1.139000058,1.157999992,1.162999988,1.200000048,1.24000001,1.253000021,1.258999944
Nepal,NPL,Employment in industry (% of total employment) (modeled ILO estimate),SL.IND.EMPL.ZS,3.250999928,3.645999908,4.063000202,4.664999962,5.382999897,6.218999863,7.715000153,9.836999893,11.26599979,13.39299965,5.717999935,4.84800005,4.627999783,4.735000134,5.153999805,5.948999882,7.677000046,7.383999825,7.472000122,7.421000004,7.462999821,7.693999767,7.913000107,7.899000168,7.787000179
Nepal,NPL,Exports of goods and services (annual % growth),NE.EXP.GNFS.KD.ZG,..,..,..,..,..,..,..,..,..,..,-23.18875396,-4.745948077,12.27609114,-3.034455075,-1.293720985,-0.944865804,0.727010235,3.872437358,-10.43884289,-2.114313226,1.91686107,10.32577976,18.76418286,6.788132175,-13.65528086
Nepal,NPL,"Foreign direct investment, net inflows (% of GDP)",BX.KLT.DINV.WD.GD.ZS,..,..,..,..,0.42374943,0.468752021,0.247611787,0.086418535,-0.008824258,0.347091518,-0.098374869,0.233443621,-0.005737557,0.030156296,-0.073509433,0.055606415,0.007932157,0.297715389,0.548294666,0.497114693,0.488006469,0.385264592,0.151993774,0.242380484,0.501592181
Nepal,NPL,GDP growth (annual %),NY.GDP.MKTP.KD.ZG,4.106406612,3.849850022,8.216002709,3.468451883,5.328284175,5.048612536,3.016389482,4.412573271,6.199999988,4.799762644,0.120266897,3.945037767,4.682603245,3.479181046,3.364614788,3.411560276,6.104639142,4.53307872,4.81641465,3.421828241,4.781192258,4.128877676,5.988984661,3.322905439,0.412891877
Nepal,NPL,"Industry, value added (annual % growth)",NV.IND.TOTL.KD.ZG,16.82634708,4.758243709,9.027154889,3.964098687,8.302158411,6.36375707,2.310766825,5.988279943,8.207107096,3.599999934,0.864588573,3.093116972,1.432829577,3.012063721,4.470441038,3.945004671,1.743248226,-0.590000566,3.999589902,4.332110192,3.004724409,2.671876325,7.054956342,1.445185468,-6.336868463
Nepal,NPL,"Labor force participation rate, total (% of total population ages 15+) (modeled ILO estimate)",SL.TLF.CACT.ZS,85.68699646,85.87000275,86.05699921,86.23400116,86.17299652,86.11199951,86.05999756,86.03299713,85.73400116,85.46700287,85.18699646,84.88600159,84.55599976,84.19400024,83.81600189,83.42500305,83.02500153,83.08599854,83.15899658,83.40899658,83.66300201,83.88700104,84.04499817,84.12999725,84.28700256
Nepal,NPL,"Life expectancy at birth, female (years)",SP.DYN.LE00.FE.IN,56.66,57.571,58.469,59.35,60.21,61.051,61.872,62.667,63.434,64.169,64.871,65.541,66.179,66.783,67.355,67.897,68.412,68.903,69.373,69.826,70.263,70.686,71.096,71.493,71.877
Nepal,NPL,"Life expectancy at birth, male (years)",SP.DYN.LE00.MA.IN,55.224,56.037,56.837,57.621,58.389,59.139,59.872,60.584,61.272,61.934,62.567,63.17,63.743,64.283,64.788,65.261,65.704,66.121,66.517,66.897,67.266,67.625,67.978,68.324,68.66
Nepal,NPL,Market capitalization of listed companies (% of GDP),CM.MKT.LCAP.GD.ZS,..,..,..,..,..,..,..,..,..,..,..,..,..,..,..,..,..,..,..,..,..,..,..,..,..
Nepal,NPL,Population ages 15-64 (% of total),SP.POP.1564.TO.ZS,54.17981455,54.3441115,54.55405223,54.79890434,54.83250324,54.88799075,54.96628173,55.07967607,55.24227356,55.37606775,55.52131042,55.67988823,55.85016884,56.04088987,56.45971889,56.85111189,57.2281262,57.62788842,58.07987059,58.82882322,59.64824498,60.48911733,61.27642666,61.96891488,62.68017299
Nepal,NPL,"Literacy rate, adult total (% of people ages 15 and above)",SE.ADT.LITR.ZS,..,..,..,..,..,..,..,..,..,48.60897064,..,..,..,..,..,..,..,..,..,59.62725067,..,..,..,..,..
Nepal,NPL,Researchers in R&D (per million people),SP.POP.SCIE.RD.P6,..,..,..,..,..,..,..,..,..,..,61.18211,..,..,..,..,..,..,..,..,..,..,..,..,..,..
Nepal,NPL,Rural population (% of total population),SP.RUR.TOTL.ZS,90.418,90.001,89.567,89.117,88.65,88.166,87.664,87.143,86.603,86.053,85.76,85.462,85.159,84.851,84.538,84.219,83.895,83.566,83.232,82.892,82.542,82.185,81.818,81.443,81.058
Pakistan,PAK,Access to electricity (% of population),EG.ELC.ACCS.ZS,63.07523727,64.64124298,66.2011261,67.75183105,69.29030609,70.81347656,70.46,73.80171204,75.26216125,77.7,78.1339035,79.55731964,80.98051453,83.85,83.85049438,89.2,86.79083252,90.73,89.81377411,91.37,92.89678955,93.6,96.01585388,93.5,99.14743805
Pakistan,PAK,Age dependency ratio (% of working-age population),SP.POP.DPND,88.87107248,88.57130813,88.10978119,87.5522296,86.81889566,86.05796862,85.16467293,83.97480828,82.43802141,80.99189145,79.17531969,77.18060306,75.28410663,73.63045817,72.18749228,71.08069069,70.17749583,69.29062389,68.35123368,67.83976738,67.16276338,66.43714527,65.80333883,65.3008678,64.97116954
Pakistan,PAK,"Air transport, registered carrier departures worldwide",IS.AIR.DPRT,69700,70300,69200,69400,70000,73300,68600,74400,63956,52616,41917,44731,50309,48905,51296,51029,52165,50939,64932,72695,72232,61820,57956,65749,70005
Pakistan,PAK,"Borrowers from commercial banks (per 1,000 adults)",FB.CBK.BRWR.P3,..,..,..,..,..,..,..,..,..,..,..,..,..,..,26.95607128,31.80804507,31.91893461,29.29703107,27.4517834,26.75568351,25.87512269,24.62483464,23.98557976,22.2315831,21.74604218
Pakistan,PAK,"Agriculture, value added (annual % growth)",NV.AGR.TOTL.KD.ZG,9.501318292,-5.286027514,5.227492747,6.567737283,11.7231543,0.123629325,4.517635693,1.948660655,6.093851357,-2.17732828,0.103375873,4.14723921,2.432315362,6.482852831,6.29694482,3.423501672,1.807338825,3.497600719,0.2295457,1.962011869,3.62213215,2.675037119,2.496529759,2.130032832,0.153947947
Pakistan,PAK,Consumer price index (2010 = 100),FP.CPI.TOTL,21.84907193,24.02822512,27.00008271,30.33285912,33.47953187,37.28799363,39.61029143,41.25120209,43.05250369,44.40790906,45.86908236,47.2057692,50.72006155,55.31698677,59.69869198,64.23500719,77.26579853,87.81085319,100,111.9167695,122.7529449,132.195293,141.6993203,145.2833611,150.7534528
Pakistan,PAK,"Employers, total (% of total employment) (modeled ILO estimate)",SL.EMP.MPYR.ZS,1.006999969,0.947000027,0.944000006,0.980000019,0.976000011,1.080000043,0.867999971,0.866999984,0.796000004,0.796999991,0.834999979,0.829999983,0.90200001,0.890999973,0.902999997,0.842999995,0.958999991,1.327000022,1.343000054,1.519000053,1.350000024,1.324000001,1.131000042,1.444000006,1.370000005
Pakistan,PAK,Employment in industry (% of total employment) (modeled ILO estimate),SL.IND.EMPL.ZS,19.66399956,18.81399918,17.50200081,18.5340004,18.53800011,18.93099976,17.12000084,17.12000084,18.03199959,18.03100014,20.76000023,20.76199913,20.31299973,20.31299973,20.7310009,20.98200035,20.11599922,20.16799927,21.41799927,21.76799965,22.7840004,22.92200089,22.87299919,24.02000046,23.59300041
Pakistan,PAK,Exports of goods and services (annual % growth),NE.EXP.GNFS.KD.ZG,13.82098063,1.317358064,3.110662873,-3.075315015,1.994558492,-6.535973067,-5.72997209,-2.850317063,16.01600127,12.18324647,9.960030232,28.37740916,-1.527826381,9.59048957,9.895027393,1.50972772,-4.552083006,-3.361178732,15.70766001,2.372197794,-15.00084242,13.58083445,-1.480176254,-6.343528474,-1.603304402
Pakistan,PAK,"Foreign direct investment, net inflows (% of GDP)",BX.KLT.DINV.WD.GD.ZS,0.691844625,0.677094863,0.811304389,1.191752908,1.456055582,1.147229318,0.813610046,0.844795025,0.416484258,0.522751161,1.1423542,0.641481502,1.141075209,2.010007068,3.112977982,3.668322816,3.197360002,1.390402267,1.13975303,0.6208231,0.382826517,0.576510795,0.764443119,0.599136312,0.892861508
Pakistan,PAK,GDP growth (annual %),NY.GDP.MKTP.KD.ZG,7.705897823,1.757747697,3.737415552,4.96260915,4.846581284,1.014396014,2.550234295,3.660132744,4.260088012,1.982484032,3.224429973,4.846320935,7.368571359,7.667304271,6.177542036,4.832817277,1.701405465,2.831658519,1.606691959,2.74840255,3.50703342,4.396456633,4.674707981,4.731147475,5.526735845
Pakistan,PAK,"Industry, value added (annual % growth)",NV.IND.TOTL.KD.ZG,7.164002896,4.897680651,3.883654946,4.142869,4.723542366,-0.325142512,6.115267693,4.92108861,1.271685669,4.132209518,2.698001377,4.236617641,16.26298475,12.11543748,4.105053722,7.729942079,8.472590368,-5.206872816,3.424133773,4.507432635,2.547464577,0.750434911,4.530246243,5.180028864,5.693378653
Pakistan,PAK,"Labor force participation rate, total (% of total population ages 15+) (modeled ILO estimate)",SL.TLF.CACT.ZS,50.51100159,49.97299957,50.31100082,49.19200134,49.76200104,50.38700104,50.34899902,50.62200165,51.00699997,50.80799866,50.7179985,51.16699982,51.63999939,52.61700058,53.63100052,53.29600143,53.12799835,53.71500015,51.56399918,51.57099915,51.92499924,52.2840004,52.16600037,53.1629982,54.37200165
Pakistan,PAK,"Life expectancy at birth, female (years)",SP.DYN.LE00.FE.IN,61.381,61.657,61.932,62.208,62.485,62.764,63.042,63.319,63.591,63.852,64.101,64.337,64.564,64.788,65.019,65.265,65.528,65.806,66.093,66.377,66.649,66.901,67.128,67.333,67.52
Pakistan,PAK,"Life expectancy at birth, male (years)",SP.DYN.LE00.MA.IN,59.975,60.247,60.512,60.768,61.017,61.26,61.5,61.736,61.965,62.185,62.393,62.592,62.785,62.983,63.196,63.431,63.689,63.966,64.252,64.532,64.792,65.022,65.217,65.379,65.514
Pakistan,PAK,Market capitalization of listed companies (% of GDP),CM.MKT.LCAP.GD.ZS,..,24.57676109,24.91156082,15.59998434,18.41509379,18.90869125,8.712718436,11.1281101,8.957927318,6.781105938,14.06309937,19.97641869,46.5367111,41.3848492,32.71539516,45.74929441,13.73138532,18.96310064,21.42373817,15.24805676,19.46378699,24.78643506,30.06552742,24.42019294,32.96688063
Pakistan,PAK,Population ages 15-64 (% of total),SP.POP.1564.TO.ZS,52.94617047,53.0303369,53.16044672,53.31848105,53.527776,53.74669021,54.00598204,54.35526795,54.81313557,55.25109396,55.81125803,56.43958666,57.050238,57.59358182,58.07622765,58.45195013,58.76217623,59.07001682,59.39962412,59.58063548,59.82193521,60.08274165,60.31241633,60.49575016,60.61665216
Pakistan,PAK,"Literacy rate, adult total (% of people ages 15 and above)",SE.ADT.LITR.ZS,..,..,..,..,..,..,42.6993103,..,..,..,..,..,..,49.87363815,54.15121078,..,55.526371,54.89263916,55.37519073,54.73802185,56.76433945,55.59498978,56.97714996,..,..
Pakistan,PAK,Researchers in R&D (per million people),SP.POP.SCIE.RD.P6,..,..,..,..,..,77.43371,..,..,..,..,..,..,..,82.74191,..,164.85187,..,165.75689,..,150.99357,..,166.91627,..,294.3551,..
Pakistan,PAK,Rural population (% of total population),SP.RUR.TOTL.ZS,68.923,68.671,68.418,68.164,67.908,67.652,67.415,67.217,67.018,66.82,66.62,66.42,66.219,66.018,65.816,65.613,65.41,65.207,65.003,64.798,64.592,64.387,64.181,63.974,63.766
India,IND,Access to electricity (% of population),EG.ELC.ACCS.ZS,46.58592224,50.9,49.86753464,51.49610519,53.1124382,54.71347427,56.29615784,60.1,59.39574432,55.8,62.3,63.92449188,64.4,66.93244934,67.9,69.98802185,71.5473175,75,76.3,67.6,79.9,79.59911346,81.23950958,88,84.52681732
India,IND,Age dependency ratio (% of working-age population),SP.POP.DPND,70.77990431,70.18409603,69.45914864,68.60501986,67.91867906,67.11804601,66.22549038,65.27517708,64.29507074,63.56018745,62.7535314,61.90009546,61.02400651,60.13957376,59.42698798,58.69276373,57.93360579,57.1269046,56.2623447,55.51216393,54.6634111,53.77575351,52.93609713,52.19299717,51.52284711
India,IND,"Air transport, registered carrier departures worldwide",IS.AIR.DPRT,120300,105300,130100,168400,151300,182500,196100,180500,198426,206690,231413,263870,302790,330484,453921,569033,592292,601977,623196.7786,695626,678125.9378,689094,724541.12,787998,917625
India,IND,"Borrowers from commercial banks (per 1,000 adults)",FB.CBK.BRWR.P3,..,..,..,..,..,..,..,..,..,..,..,..,..,..,..,..,..,..,..,..,..,..,..,..,..
India,IND,"Agriculture, value added (annual % growth)",NV.AGR.TOTL.KD.ZG,6.651006783,3.322706831,4.715980135,-0.695377068,9.92029924,-2.553727839,6.320454459,2.669127344,-0.007618146,6.00708957,-6.604234507,9.048581158,0.183381806,5.139664607,4.155347384,5.79628224,0.092965745,0.808005015,8.597294652,5.017734399,1.487460494,5.570475656,-0.216448191,0.591683179,6.285833271
India,IND,Consumer price index (2010 = 100),FP.CPI.TOTL,29.11709633,30.96953726,34.13199166,37.62194943,40.99932791,43.93662374,49.74980853,52.07303555,54.16086952,56.15659317,58.62310291,60.85421961,63.14674319,65.82817701,69.87366237,74.32461239,80.53206759,89.29185556,100,108.8578453,118.9951729,131.9747419,140.7610631,147.6681711,154.9751117
India,IND,"Employers, total (% of total employment) (modeled ILO estimate)",SL.EMP.MPYR.ZS,1.934999943,1.952999949,2.095999956,0.991999984,1.037999988,1.004999995,0.99000001,0.953999996,0.97299999,0.774999976,0.763999999,0.787999988,0.869000018,0.92900002,1.02699995,1.126999974,1.113999963,1.133000016,1.208999991,1.519000053,1.511999965,1.524999976,1.514999986,1.521000028,1.537999988
India,IND,Employment in industry (% of total employment) (modeled ILO estimate),SL.IND.EMPL.ZS,14.97000027,14.89599991,15.42500019,16.14699936,15.89799976,15.8739996,15.56099987,15.78499985,16.31999969,15.91100025,16.59300041,16.96999931,18.32099915,18.80400085,19.79599953,20.62000084,20.7159996,21.32699966,21.80900002,23.45100021,24.35499954,23.79400063,23.93600082,23.89599991,23.71999931
India,IND,Exports of goods and services (annual % growth),NE.EXP.GNFS.KD.ZG,4.893244255,13.77959376,13.04366508,31.39607309,6.289730441,-2.32817624,13.88432184,17.99946948,18.15351103,4.309524517,21.08500281,9.58221992,27.17641182,26.0737614,20.35546622,5.926048602,14.59741009,-4.685442784,19.61632784,15.57535839,6.805488798,7.792389239,1.77885195,-5.594264879,5.373543517
India,IND,"Foreign direct investment, net inflows (% of GDP)",BX.KLT.DINV.WD.GD.ZS,0.097238944,0.199720325,0.301406511,0.603030361,0.625827257,0.871838424,0.633739715,0.479034915,0.77555818,1.070660341,1.025248066,0.614080764,0.775952192,0.898676912,2.176329406,2.100365807,3.656950691,2.687536065,1.653785022,2.002065552,1.312934337,1.516275965,1.695658786,2.093306912,1.954884827
India,IND,GDP growth (annual %),NY.GDP.MKTP.KD.ZG,5.482396022,4.75077622,6.658924067,7.57449184,7.549522249,4.049820849,6.184415821,8.845755561,3.840991157,4.823966264,3.803975321,7.860381475,7.922943418,9.284824616,9.263964759,9.801360337,3.890957062,8.479783897,10.25996306,6.6383638,5.456387552,6.386106401,7.410227605,8.154425028,7.112686097
India,IND,"Industry, value added (annual % growth)",NV.IND.TOTL.KD.ZG,3.215111818,5.497411053,9.161761704,11.2897812,6.393723744,4.012753342,4.148355554,5.964236194,6.032130922,2.608147397,7.211254417,7.318593477,9.81407254,9.7169983,12.16931217,9.673973075,4.441180541,9.163007721,7.551000579,7.814342988,3.269180543,3.785891904,7.000633488,9.794584597,6.779610442
India,IND,"Labor force participation rate, total (% of total population ages 15+) (modeled ILO estimate)",SL.TLF.CACT.ZS,60.64400101,60.68799973,60.77500153,60.49599838,60.19100189,59.88600159,59.58300018,59.2879982,59.00400162,59.30599976,59.61800003,59.94100189,60.27399826,60.61800003,59.49900055,58.41400146,57.35800171,56.32799911,55.31999969,54.63800049,53.9640007,53.9659996,53.96300125,53.94900131,53.92900085
India,IND,"Life expectancy at birth, female (years)",SP.DYN.LE00.FE.IN,59.395,59.971,60.538,61.086,61.608,62.103,62.572,63.016,63.438,63.841,64.234,64.627,65.024,65.438,65.878,66.345,66.833,67.336,67.84,68.327,68.783,69.195,69.561,69.882,70.166
India,IND,"Life expectancy at birth, male (years)",SP.DYN.LE00.MA.IN,58.486,58.928,59.366,59.795,60.212,60.619,61.016,61.405,61.789,62.171,62.556,62.944,63.334,63.724,64.107,64.48,64.837,65.177,65.497,65.798,66.083,66.353,66.611,66.857,67.094
India,IND,Market capitalization of listed companies (% of GDP),CM.MKT.LCAP.GD.ZS,..,..,..,..,..,..,..,..,..,..,..,46.54705369,55.43194784,68.37347057,88.97792809,151.4513934,54.52658211,98.68422723,98.50372584,55.24713748,69.1239511,61.33572746,76.41992622,72.11868999,68.88840122
India,IND,Population ages 15-64 (% of total),SP.POP.1564.TO.ZS,58.55489872,58.75989727,59.01127251,59.31021513,59.55263617,59.83794233,60.15924499,60.50515375,60.86609875,61.13957288,61.44259921,61.76648613,62.10254121,62.44552652,62.72463732,63.01484557,63.3177464,63.64282441,63.99494401,64.30365154,64.65653336,65.02975776,65.38678695,65.70604552,65.99664797
India,IND,"Literacy rate, adult total (% of people ages 15 and above)",SE.ADT.LITR.ZS,..,..,..,..,..,..,..,..,..,61.0145607,..,..,..,..,62.75447083,..,..,..,..,69.3025589,..,..,..,..,..
India,IND,Researchers in R&D (per million people),SP.POP.SCIE.RD.P6,..,..,..,..,152.48388,..,115.63131,..,110.05039,..,..,..,..,135.2997,..,..,..,..,156.63804,..,..,..,..,215.85286,..
India,IND,Rural population (% of total population),SP.RUR.TOTL.ZS,74.016,73.809,73.601,73.393,73.183,72.972,72.76,72.547,72.333,72.082,71.756,71.428,71.097,70.765,70.431,70.094,69.754,69.413,69.07,68.724,68.366,67.997,67.616,67.223,66.818
Sri Lanka,LKA,Access to electricity (% of population),EG.ELC.ACCS.ZS,56.34087372,58.03917313,59.73135757,61.41436386,63.0851326,64.74060822,66.37773132,67.99343109,69.58618927,63.6,80.7,74.27824402,75.8337326,77.39506531,78.9683075,80,82.17324829,83.80799866,85.3,87.76,88.80839539,90.2,92.19206238,93.88990021,95.58823395
Sri Lanka,LKA,Age dependency ratio (% of working-age population),SP.POP.DPND,58.219079,57.30342442,56.29637396,55.15835835,54.07641929,52.81917873,51.47778663,50.22990222,49.19229999,48.62928326,48.29004638,48.12770802,48.04730779,48.00172679,48.16981924,48.2784332,48.36282924,48.48876805,48.68954081,49.18805853,49.74560842,50.30961883,50.81391301,51.2265464,51.47474816
Sri Lanka,LKA,"Air transport, registered carrier departures worldwide",IS.AIR.DPRT,9100,8900,8900,8900,8800,8800,9300,10100,5206,11386,10480,12603,18699,19712,20979,21020,20512,16632,20921,26052,31373,32636.4,37517,37598,40711
Sri Lanka,LKA,"Borrowers from commercial banks (per 1,000 adults)",FB.CBK.BRWR.P3,..,..,..,..,..,..,..,..,..,..,..,..,..,..,..,..,..,..,..,..,..,..,..,..,..
Sri Lanka,LKA,"Agriculture, value added (annual % growth)",NV.AGR.TOTL.KD.ZG,-2.14674463,4.732287001,3.108845458,3.306107986,-4.774854249,2.725812805,2.358912454,4.527645484,1.488670846,-3.523793774,2.384045242,1.676219406,0.002147096,1.816566749,6.324555205,3.392223117,7.532628722,3.217942127,6.951273653,4.59517439,3.945825972,3.246328268,4.580773228,4.694255536,-3.801909339
Sri Lanka,LKA,Consumer price index (2010 = 100),FP.CPI.TOTL,18.10266635,20.22913896,21.93824075,23.62196755,27.38632438,30.0082079,32.81824941,34.35798506,36.48002902,41.6450378,45.62256855,48.50346854,52.17805534,58.2514172,64.08831615,74.24125865,90.99342414,94.14631282,100,106.7167684,114.7663222,122.6948966,126.5953702,131.3659494,136.5665808
Sri Lanka,LKA,"Employers, total (% of total employment) (modeled ILO estimate)",SL.EMP.MPYR.ZS,2.151000023,2.049999952,2.301000118,2.512000084,2.413000107,2.387000084,1.878000021,2.051000118,2.380000114,2.286000013,2.792999983,2.612999916,2.950999975,3.082000017,3.219000101,2.895999908,3.042999983,2.687000036,2.657000065,2.904000044,2.888000011,3.102999926,2.809999943,2.79399991,2.805999994
Sri Lanka,LKA,Employment in industry (% of total employment) (modeled ILO estimate),SL.IND.EMPL.ZS,20.01499939,21.14900017,20.12100029,24.82299995,23.27099991,24.32299995,23.07999992,23.37100029,23.36599922,22.8010006,26.13299942,25.91399956,26.45999908,27.28700066,26.79700089,26.36899948,25.62100029,25.8390007,24.88999939,24.13299942,26.06999969,26.1609993,26.46999931,25.53499985,25.45100021
Sri Lanka,LKA,Exports of goods and services (annual % growth),NE.EXP.GNFS.KD.ZG,6.700001232,13.1999944,13.10001861,2.900005367,3.900001626,11.69024409,0.966668632,3.994704891,17.98825546,-5.273315963,6.26334117,3.356296888,7.743501484,6.646166137,3.840461348,7.327287599,0.390200287,-12.30572406,8.760094652,10.2,-0.181488201,6.636363637,4.262574596,4.66067048,-0.742187502
Sri Lanka,LKA,"Foreign direct investment, net inflows (% of GDP)",BX.KLT.DINV.WD.GD.ZS,1.26379157,1.881082276,1.420195947,0.429753548,0.862545736,2.849579948,1.224592312,1.12676595,1.05898829,1.090747209,1.188277909,1.211327409,1.126677351,1.116128543,1.697007228,1.863919403,1.847465449,0.96035049,0.841839966,1.464115839,1.375173042,1.255214049,1.126054421,0.84371829,1.096793248
Sri Lanka,LKA,GDP growth (annual %),NY.GDP.MKTP.KD.ZG,4.399991252,6.900063252,5.599918727,5.500085232,3.799967205,6.405399698,4.698423046,4.300540498,6.00003316,-1.545408134,3.964675686,5.940269078,5.445061278,6.241748045,7.6682919,6.796826119,5.950088145,3.538912053,8.015959407,8.404738131,9.144579388,3.395722774,4.960706541,5.007683305,4.468829688
Sri Lanka,LKA,"Industry, value added (annual % growth)",NV.IND.TOTL.KD.ZG,6.550090803,9.358217216,7.835357119,6.92962824,5.234070703,7.396996247,5.69392128,4.788005201,7.227474648,-2.251447726,0.835129209,4.666022202,5.411337139,7.986321253,8.116949126,7.60649706,5.918145337,4.212006398,8.444237795,9.250570865,9.033685753,4.100956991,4.701585646,2.209139299,5.801397173
Sri Lanka,LKA,"Labor force participation rate, total (% of total population ages 15+) (modeled ILO estimate)",SL.TLF.CACT.ZS,57.41199875,57.53699875,57.68299866,55.6230011,55.79800034,55.96500015,59.51100159,57.88999939,56.92100143,56.78300095,56.67499924,56.57699966,56.46500015,56.32500076,56.24300003,56.11999893,55.95700073,55.76499939,54.72399902,54.37200165,53.46099854,55.04100037,54.0890007,53.875,53.75799942
Sri Lanka,LKA,"Life expectancy at birth, female (years)",SP.DYN.LE00.FE.IN,73.255,73.164,73.025,72.914,72.926,73.122,73.528,74.131,74.873,75.663,76.398,76.998,77.432,77.69,77.799,77.825,77.827,77.832,77.861,77.925,78.018,78.133,78.273,78.435,78.614
Sri Lanka,LKA,"Life expectancy at birth, male (years)",SP.DYN.LE00.MA.IN,66.461,66.393,66.232,66.048,65.946,66.014,66.3,66.8,67.467,68.217,68.943,69.562,70.038,70.36,70.548,70.66,70.748,70.834,70.934,71.057,71.197,71.351,71.521,71.707,71.906
Sri Lanka,LKA,Market capitalization of listed companies (% of GDP),CM.MKT.LCAP.GD.ZS,..,..,..,..,..,..,..,10.11750657,6.577381802,8.454290883,10.16180194,14.35813833,17.69870736,23.43701947,27.48341589,23.34742971,10.52664789,22.69341486,35.12173707,29.77027882,24.80266651,25.31361581,29.82022024,25.82603155,22.83793244
Sri Lanka,LKA,Population ages 15-64 (% of total),SP.POP.1564.TO.ZS,63.20350278,63.5714069,63.98101086,64.45028232,64.90285824,65.43681286,66.01628016,66.56464427,67.02758789,67.28149245,67.43540949,67.50931432,67.54597668,67.56677923,67.49012755,67.44069103,67.40232746,67.34516106,67.25422612,67.0294935,66.7799225,66.52934178,66.30688081,66.12595611,66.01760358
Sri Lanka,LKA,"Literacy rate, adult total (% of people ages 15 and above)",SE.ADT.LITR.ZS,..,..,..,..,..,..,..,..,..,90.68274689,..,..,..,..,90.80883026,..,90.55795288,..,91.18135834,..,..,..,..,..,..
Sri Lanka,LKA,Researchers in R&D (per million people),SP.POP.SCIE.RD.P6,..,..,..,..,187.66127,..,..,..,135.06359,..,..,..,138.2761,..,93.17614,..,98.84933,..,105.93371,..,..,110.90559,..,..,..
Sri Lanka,LKA,Rural population (% of total population),SP.RUR.TOTL.ZS,81.496,81.511,81.527,81.542,81.558,81.573,81.589,81.604,81.62,81.635,81.651,81.666,81.681,81.697,81.712,81.728,81.743,81.758,81.774,81.789,81.804,81.802,81.782,81.744,81.689
,,,,,,,,,,,,,,,,,,,,,,,,,,,,
,,,,,,,,,,,,,,,,,,,,,,,,,,,,
,,,,,,,,,,,,,,,,,,,,,,,,,,,,
Data from database: Jobs,,,,,,,,,,,,,,,,,,,,,,,,,,,,
Last Updated: 03/21/2019,,,,,,,,,,,,,,,,,,,,,,,,,,,,
